"TimestampUtc","ElapsedMilliseconds","FileCount","DirectoryCount","PinnedFiles","OfflineFiles","PinnedDirectories","UnpinnedFiles","VerbInvoked","AppFrame"
"2026-07-25T23:55:31.2481916Z","144","0","0","0","0","0","0","False",
"2026-07-25T23:55:31.7746071Z","670","0","0","0","0","0","0","False",
"2026-07-25T23:55:32.2890471Z","1184","0","0","0","0","0","0","False",
"2026-07-25T23:55:34.3878583Z","3283","0","0","0","0","0","0","False","app-00003.png"
"2026-07-25T23:55:35.0171138Z","3912","0","0","0","0","0","0","False","app-00004.png"
"2026-07-25T23:55:35.6551107Z","4550","0","0","0","0","0","0","False","app-00005.png"
"2026-07-25T23:55:36.2918916Z","5187","0","0","0","0","0","0","False","app-00006.png"
"2026-07-25T23:55:36.9313689Z","5826","0","0","0","0","0","0","False","app-00007.png"
"2026-07-25T23:55:37.5762971Z","6471","0","0","0","0","0","0","False","app-00008.png"
"2026-07-25T23:55:38.2275886Z","7123","0","0","0","0","0","0","False","app-00009.png"
"2026-07-25T23:55:38.8633315Z","7758","0","0","0","0","0","0","False","app-00010.png"
"2026-07-25T23:55:39.5060174Z","8401","0","0","0","0","0","0","False","app-00011.png"
"2026-07-25T23:55:40.1445253Z","9040","0","0","0","0","0","0","False","app-00012.png"
"2026-07-25T23:55:40.8799398Z","9775","0","18","0","0","0","0","False","app-00013.png"
"2026-07-25T23:55:43.3382955Z","12233","2","50","0","2","0","2","True","app-00014.png"
"2026-07-25T23:55:43.9808164Z","12876","20","50","20","15","50","0","True","app-00015.png"
"2026-07-25T23:55:44.6177669Z","13513","24","50","24","15","50","0","True","app-00016.png"
"2026-07-25T23:55:45.3469238Z","14242","27","50","27","15","50","0","True","app-00017.png"
"2026-07-25T23:55:46.0810086Z","14976","31","50","31","15","50","0","True","app-00018.png"
"2026-07-25T23:55:46.7197293Z","15615","35","50","35","15","50","0","True","app-00019.png"
"2026-07-25T23:55:47.4536718Z","16349","39","50","39","16","50","0","True","app-00020.png"
"2026-07-25T23:55:48.0968739Z","16992","43","50","43","16","50","0","True","app-00021.png"
"2026-07-25T23:55:48.7354273Z","17630","46","50","46","15","50","0","True","app-00022.png"
"2026-07-25T23:55:49.4641605Z","18359","50","50","50","15","50","0","True","app-00023.png"
"2026-07-25T23:55:50.1106481Z","19006","55","50","55","16","50","0","True","app-00024.png"
"2026-07-25T23:55:50.7492649Z","19644","59","50","59","16","50","0","True","app-00025.png"
"2026-07-25T23:55:51.3887652Z","20284","62","50","62","15","50","0","True","app-00026.png"
"2026-07-25T23:55:52.0273680Z","20922","66","50","66","15","50","0","True","app-00027.png"
"2026-07-25T23:55:52.6827364Z","21578","70","50","70","16","50","0","True","app-00028.png"
"2026-07-25T23:55:53.3243639Z","22219","73","50","73","15","50","0","True","app-00029.png"
"2026-07-25T23:55:54.0515719Z","22947","77","50","77","15","50","0","True","app-00030.png"
"2026-07-25T23:55:54.7782085Z","23673","81","50","81","15","50","0","True","app-00031.png"
"2026-07-25T23:55:55.4130354Z","24308","86","50","86","16","50","0","True","app-00032.png"
"2026-07-25T23:55:56.1450690Z","25040","89","50","89","15","50","0","True","app-00033.png"
"2026-07-25T23:55:56.7885210Z","25683","94","50","94","16","50","0","True","app-00034.png"
"2026-07-25T23:55:57.4388196Z","26334","96","50","96","16","50","0","True","app-00035.png"
"2026-07-25T23:55:58.0765186Z","26971","100","50","100","16","50","0","True","app-00036.png"
"2026-07-25T23:55:58.7185612Z","27613","103","50","103","15","50","0","True","app-00037.png"
"2026-07-25T23:55:59.3564105Z","28251","107","50","107","15","50","0","True","app-00038.png"
"2026-07-25T23:55:59.9992120Z","28894","111","50","111","15","50","0","True","app-00039.png"
"2026-07-25T23:56:00.6353287Z","29530","115","50","115","16","50","0","True","app-00040.png"
"2026-07-25T23:56:01.2752002Z","30170","119","50","119","16","50","0","True","app-00041.png"
"2026-07-25T23:56:01.9197481Z","30815","122","50","122","15","50","0","True","app-00042.png"
"2026-07-25T23:56:02.5580020Z","31453","126","50","126","16","50","0","True","app-00043.png"
"2026-07-25T23:56:03.2062548Z","32101","129","50","129","16","50","0","True","app-00044.png"
"2026-07-25T23:56:03.8500598Z","32745","132","50","132","15","50","0","True","app-00045.png"
"2026-07-25T23:56:04.5832548Z","33478","135","50","135","15","50","0","True","app-00046.png"
"2026-07-25T23:56:05.2457252Z","34141","139","50","139","15","50","0","True","app-00047.png"
"2026-07-25T23:56:05.8920917Z","34787","143","50","143","16","50","0","True","app-00048.png"
"2026-07-25T23:56:06.6189536Z","35514","147","50","147","16","50","0","True","app-00049.png"
"2026-07-25T23:56:07.3441616Z","36239","150","50","150","15","50","0","True","app-00050.png"
"2026-07-25T23:56:07.9868267Z","36882","154","50","154","15","50","0","True","app-00051.png"
"2026-07-25T23:56:08.7172465Z","37612","158","50","158","15","50","0","True","app-00052.png"
"2026-07-25T23:56:09.3522415Z","38247","163","50","163","16","50","0","True","app-00053.png"
"2026-07-25T23:56:09.9945598Z","38889","166","50","166","15","50","0","True","app-00054.png"
"2026-07-25T23:56:10.6391004Z","39534","170","50","170","16","50","0","True","app-00055.png"
"2026-07-25T23:56:11.2775152Z","40172","174","50","174","16","50","0","True","app-00056.png"
"2026-07-25T23:56:11.9294356Z","40824","177","50","177","15","50","0","True","app-00057.png"
"2026-07-25T23:56:12.5741360Z","41469","181","50","181","16","50","0","True","app-00058.png"
"2026-07-25T23:56:13.2168980Z","42112","185","50","185","16","50","0","True","app-00059.png"
"2026-07-25T23:56:13.9454873Z","42840","188","50","188","15","50","0","True","app-00060.png"
"2026-07-25T23:56:14.5873132Z","43482","193","50","193","16","50","0","True","app-00061.png"
"2026-07-25T23:56:15.2375647Z","44132","197","50","197","16","50","0","True","app-00062.png"
"2026-07-25T23:56:15.8796952Z","44774","201","50","201","15","50","0","True","app-00063.png"
"2026-07-25T23:56:16.5210312Z","45416","205","50","205","15","50","0","True","app-00064.png"
"2026-07-25T23:56:17.2469873Z","46142","209","50","209","15","50","0","True","app-00065.png"
"2026-07-25T23:56:17.9054662Z","46800","213","50","213","15","50","0","True","app-00066.png"
"2026-07-25T23:56:18.5730949Z","47468","217","50","217","15","50","0","True","app-00067.png"
"2026-07-25T23:56:19.2197346Z","48114","221","50","221","15","50","0","True","app-00068.png"
"2026-07-25T23:56:19.8578191Z","48753","225","50","225","16","50","0","True","app-00069.png"
"2026-07-25T23:56:20.4995079Z","49394","228","50","228","15","50","0","True","app-00070.png"
"2026-07-25T23:56:21.2291175Z","50124","232","50","232","15","50","0","True","app-00071.png"
"2026-07-25T23:56:21.8684121Z","50763","236","50","236","15","50","0","True","app-00072.png"
"2026-07-25T23:56:22.5948059Z","51490","241","50","241","16","50","0","True","app-00073.png"
"2026-07-25T23:56:23.2329876Z","52128","246","50","246","16","50","0","True","app-00074.png"
"2026-07-25T23:56:23.8782767Z","52773","249","50","249","15","50","0","True","app-00075.png"
"2026-07-25T23:56:24.5361030Z","53431","253","50","253","15","50","0","True","app-00076.png"
"2026-07-25T23:56:25.1828998Z","54078","257","50","257","15","50","0","True","app-00077.png"
"2026-07-25T23:56:25.8556440Z","54750","261","50","261","16","50","0","True","app-00078.png"
"2026-07-25T23:56:26.4988888Z","55394","265","50","265","16","50","0","True","app-00079.png"
"2026-07-25T23:56:27.2464381Z","56141","268","50","268","15","50","0","True","app-00080.png"
"2026-07-25T23:56:27.8979991Z","56793","272","50","272","15","50","0","True","app-00081.png"
"2026-07-25T23:56:28.5340164Z","57429","276","50","276","15","50","0","True","app-00082.png"
"2026-07-25T23:56:29.2661637Z","58161","280","50","280","16","50","0","True","app-00083.png"
"2026-07-25T23:56:29.9958310Z","58891","283","50","283","15","50","0","True","app-00084.png"
"2026-07-25T23:56:30.6341943Z","59529","288","50","288","16","50","0","True","app-00085.png"
"2026-07-25T23:56:31.3772357Z","60272","291","50","291","15","50","0","True","app-00086.png"
"2026-07-25T23:56:32.1075996Z","61002","295","50","295","15","50","0","True","app-00087.png"
"2026-07-25T23:56:32.7479619Z","61643","299","50","299","16","50","0","True","app-00088.png"
"2026-07-25T23:56:33.4781002Z","62373","303","50","303","15","50","0","True","app-00089.png"
"2026-07-25T23:56:34.2073095Z","63102","307","50","307","16","50","0","True","app-00090.png"
"2026-07-25T23:56:34.8500616Z","63745","311","50","311","16","50","0","True","app-00091.png"
"2026-07-25T23:56:35.5785604Z","64473","314","50","314","15","50","0","True","app-00092.png"
"2026-07-25T23:56:36.3055142Z","65200","319","50","319","16","50","0","True","app-00093.png"
"2026-07-25T23:56:37.0331007Z","65928","323","50","323","16","50","0","True","app-00094.png"
"2026-07-25T23:56:37.7571653Z","66652","327","50","327","15","50","0","True","app-00095.png"
"2026-07-25T23:56:38.4940354Z","67389","331","50","331","15","50","0","True","app-00096.png"
"2026-07-25T23:56:39.2346541Z","68129","335","50","335","15","50","0","True","app-00097.png"
"2026-07-25T23:56:39.9688431Z","68863","339","50","339","15","50","0","True","app-00098.png"
"2026-07-25T23:56:40.6973634Z","69592","343","50","343","16","50","0","True","app-00099.png"
"2026-07-25T23:56:41.3382524Z","70233","347","50","347","16","50","0","True","app-00100.png"
"2026-07-25T23:56:41.9917773Z","70886","351","50","351","16","50","0","True","app-00101.png"
"2026-07-25T23:56:42.6325993Z","71527","354","50","354","15","50","0","True","app-00102.png"
"2026-07-25T23:56:43.2862096Z","72181","358","50","358","15","50","0","True","app-00103.png"
"2026-07-25T23:56:44.0106858Z","72905","362","50","362","16","50","0","True","app-00104.png"
"2026-07-25T23:56:44.6528662Z","73547","365","50","365","16","50","0","True","app-00105.png"
"2026-07-25T23:56:45.3775983Z","74272","368","50","368","15","50","0","True","app-00106.png"
"2026-07-25T23:56:46.1065695Z","75001","372","50","372","15","50","0","True","app-00107.png"
"2026-07-25T23:56:46.8373773Z","75732","377","50","377","15","50","0","True","app-00108.png"
"2026-07-25T23:56:47.5720186Z","76467","381","50","381","16","50","0","True","app-00109.png"
"2026-07-25T23:56:48.2971760Z","77192","385","50","385","15","50","0","True","app-00110.png"
"2026-07-25T23:56:49.0345850Z","77929","389","50","389","16","50","0","True","app-00111.png"
"2026-07-25T23:56:49.6894857Z","78584","393","50","393","15","50","0","True","app-00112.png"
"2026-07-25T23:56:50.4215936Z","79316","397","50","397","15","50","0","True","app-00113.png"
"2026-07-25T23:56:51.0589400Z","79953","401","50","401","16","50","0","True","app-00114.png"
"2026-07-25T23:56:51.7878089Z","80682","405","50","405","16","50","0","True","app-00115.png"
"2026-07-25T23:56:52.5171856Z","81412","408","50","408","16","50","0","True","app-00116.png"
"2026-07-25T23:56:53.2634723Z","82158","412","50","412","15","50","0","True","app-00117.png"
"2026-07-25T23:56:54.0008565Z","82895","416","50","416","16","50","0","True","app-00118.png"
"2026-07-25T23:56:54.7370700Z","83632","419","50","419","15","50","0","True","app-00119.png"
"2026-07-25T23:56:55.4611904Z","84356","423","50","423","15","50","0","True","app-00120.png"
"2026-07-25T23:56:56.1259997Z","85021","427","50","427","15","50","0","True","app-00121.png"
"2026-07-25T23:56:56.8681073Z","85763","431","50","431","15","50","0","True","app-00122.png"
"2026-07-25T23:56:57.6151473Z","86510","435","50","435","15","50","0","True","app-00123.png"
"2026-07-25T23:56:58.3387854Z","87233","439","50","439","16","50","0","True","app-00124.png"
"2026-07-25T23:56:59.0752643Z","87970","442","50","442","16","50","0","True","app-00125.png"
"2026-07-25T23:56:59.8007023Z","88695","445","50","445","15","50","0","True","app-00126.png"
"2026-07-25T23:57:00.5250215Z","89419","449","50","449","16","50","0","True","app-00127.png"
"2026-07-25T23:57:01.2534659Z","90148","453","50","453","15","50","0","True","app-00128.png"
"2026-07-25T23:57:01.9829362Z","90877","458","50","458","16","50","0","True","app-00129.png"
"2026-07-25T23:57:02.6359753Z","91530","462","50","462","16","50","0","True","app-00130.png"
"2026-07-25T23:57:03.3704250Z","92265","465","50","465","16","50","0","True","app-00131.png"
"2026-07-25T23:57:04.1174284Z","93012","469","50","469","16","50","0","True","app-00132.png"
"2026-07-25T23:57:04.8360962Z","93731","473","50","473","16","50","0","True","app-00133.png"
"2026-07-25T23:57:05.5710742Z","94465","476","50","476","15","50","0","True","app-00134.png"
"2026-07-25T23:57:06.3006294Z","95195","480","50","480","15","50","0","True","app-00135.png"
"2026-07-25T23:57:06.9558133Z","95850","484","50","484","16","50","0","True","app-00136.png"
"2026-07-25T23:57:07.6923852Z","96587","488","50","488","16","50","0","True","app-00137.png"
"2026-07-25T23:57:08.3601994Z","97255","492","50","492","15","50","0","True","app-00138.png"
"2026-07-25T23:57:09.0800739Z","97974","496","50","496","16","50","0","True","app-00139.png"
"2026-07-25T23:57:09.7316731Z","98626","500","50","500","16","50","0","True","app-00140.png"
"2026-07-25T23:57:10.4622822Z","99357","502","50","502","16","50","0","True","app-00141.png"
"2026-07-25T23:57:11.1890502Z","100083","506","50","506","16","50","0","True","app-00142.png"
"2026-07-25T23:57:11.9156435Z","100810","509","50","509","15","50","0","True","app-00143.png"
"2026-07-25T23:57:12.6420568Z","101536","514","50","514","16","50","0","True","app-00144.png"
"2026-07-25T23:57:13.3711569Z","102266","518","50","518","15","50","0","True","app-00145.png"
"2026-07-25T23:57:14.1139521Z","103008","522","50","522","15","50","0","True","app-00146.png"
"2026-07-25T23:57:14.8571487Z","103752","526","50","526","15","50","0","True","app-00147.png"
"2026-07-25T23:57:15.5878423Z","104482","530","50","530","15","50","0","True","app-00148.png"
"2026-07-25T23:57:16.2918413Z","105186","534","50","534","15","50","0","True","app-00149.png"
"2026-07-25T23:57:16.9621123Z","105856","538","50","538","15","50","0","True","app-00150.png"
"2026-07-25T23:57:17.6908832Z","106585","541","50","541","15","50","0","True","app-00151.png"
"2026-07-25T23:57:18.4264324Z","107321","545","50","545","15","50","0","True","app-00152.png"
"2026-07-25T23:57:19.1500481Z","108044","549","50","549","15","50","0","True","app-00153.png"
"2026-07-25T23:57:19.8801967Z","108775","554","50","554","16","50","0","True","app-00154.png"
"2026-07-25T23:57:20.6102157Z","109505","558","50","558","16","50","0","True","app-00155.png"
"2026-07-25T23:57:21.3393380Z","110234","561","50","561","16","50","0","True","app-00156.png"
"2026-07-25T23:57:22.0874686Z","110982","565","50","565","16","50","0","True","app-00157.png"
"2026-07-25T23:57:22.8143923Z","111709","569","50","569","16","50","0","True","app-00158.png"
"2026-07-25T23:57:23.5464140Z","112441","572","50","572","16","50","0","True","app-00159.png"
"2026-07-25T23:57:24.2786493Z","113173","575","50","575","16","50","0","True","app-00160.png"
"2026-07-25T23:57:25.0065902Z","113901","579","50","579","16","50","0","True","app-00161.png"
"2026-07-25T23:57:25.7318824Z","114626","583","50","583","16","50","0","True","app-00162.png"
"2026-07-25T23:57:26.4633594Z","115358","586","50","586","16","50","0","True","app-00163.png"
"2026-07-25T23:57:27.2160580Z","116110","590","50","590","15","50","0","True","app-00164.png"
"2026-07-25T23:57:27.9373419Z","116832","594","50","594","16","50","0","True","app-00165.png"
"2026-07-25T23:57:28.6726110Z","117567","597","50","597","16","50","0","True","app-00166.png"
"2026-07-25T23:57:29.4048087Z","118299","601","50","601","15","50","0","True","app-00167.png"
"2026-07-25T23:57:30.1349175Z","119029","605","50","605","16","50","0","True","app-00168.png"
"2026-07-25T23:57:30.8051593Z","119699","609","50","609","16","50","0","True","app-00169.png"
"2026-07-25T23:57:31.5335280Z","120428","613","50","613","15","50","0","True","app-00170.png"
"2026-07-25T23:57:32.2637750Z","121158","618","50","618","16","50","0","True","app-00171.png"
"2026-07-25T23:57:32.9973301Z","121892","621","50","621","15","50","0","True","app-00172.png"
"2026-07-25T23:57:33.7414077Z","122636","626","50","626","16","50","0","True","app-00173.png"
"2026-07-25T23:57:34.4670751Z","123361","630","50","630","16","50","0","True","app-00174.png"
"2026-07-25T23:57:35.2015132Z","124096","634","50","634","16","50","0","True","app-00175.png"
"2026-07-25T23:57:35.8628139Z","124757","637","50","637","15","50","0","True","app-00176.png"
"2026-07-25T23:57:36.5991491Z","125493","641","50","641","15","50","0","True","app-00177.png"
"2026-07-25T23:57:37.3474259Z","126242","644","50","644","15","50","0","True","app-00178.png"
"2026-07-25T23:57:38.0851609Z","126979","649","50","649","15","50","0","True","app-00179.png"
"2026-07-25T23:57:38.8110139Z","127705","653","50","653","15","50","0","True","app-00180.png"
"2026-07-25T23:57:39.4627150Z","128357","658","50","658","16","50","0","True","app-00181.png"
"2026-07-25T23:57:40.1971500Z","129091","661","50","661","16","50","0","True","app-00182.png"
"2026-07-25T23:57:40.9261055Z","129820","665","50","665","15","50","0","True","app-00183.png"
"2026-07-25T23:57:41.6523727Z","130547","669","50","669","15","50","0","True","app-00184.png"
"2026-07-25T23:57:42.3829461Z","131277","673","50","673","15","50","0","True","app-00185.png"
"2026-07-25T23:57:43.1086080Z","132003","677","50","677","15","50","0","True","app-00186.png"
"2026-07-25T23:57:43.8339814Z","132728","681","50","681","15","50","0","True","app-00187.png"
"2026-07-25T23:57:44.5685319Z","133463","686","50","686","16","50","0","True","app-00188.png"
"2026-07-25T23:57:45.3041719Z","134198","690","50","690","16","50","0","True","app-00189.png"
"2026-07-25T23:57:46.0400161Z","134934","694","50","694","16","50","0","True","app-00190.png"
"2026-07-25T23:57:46.6927236Z","135587","697","50","697","15","50","0","True","app-00191.png"
"2026-07-25T23:57:47.4186784Z","136313","701","50","701","16","50","0","True","app-00192.png"
"2026-07-25T23:57:48.1480136Z","137042","705","50","705","16","50","0","True","app-00193.png"
"2026-07-25T23:57:48.8775254Z","137772","709","50","709","15","50","0","True","app-00194.png"
"2026-07-25T23:57:49.6090822Z","138503","713","50","713","15","50","0","True","app-00195.png"
"2026-07-25T23:57:50.2565567Z","139151","718","50","718","16","50","0","True","app-00196.png"
"2026-07-25T23:57:50.9862862Z","139880","721","50","721","15","50","0","True","app-00197.png"
"2026-07-25T23:57:51.7156955Z","140610","725","50","725","16","50","0","True","app-00198.png"
"2026-07-25T23:57:52.4436100Z","141338","728","50","728","16","50","0","True","app-00199.png"
"2026-07-25T23:57:53.1745999Z","142069","732","50","732","16","50","0","True","app-00200.png"
"2026-07-25T23:57:53.9036924Z","142798","736","50","736","15","50","0","True","app-00201.png"
"2026-07-25T23:57:54.6309843Z","143525","741","50","741","16","50","0","True","app-00202.png"
"2026-07-25T23:57:55.3585234Z","144253","745","50","745","16","50","0","True","app-00203.png"
"2026-07-25T23:57:56.0900414Z","144984","749","50","749","15","50","0","True","app-00204.png"
"2026-07-25T23:57:56.8149601Z","145709","754","50","754","16","50","0","True","app-00205.png"
"2026-07-25T23:57:57.6084840Z","146503","758","50","758","15","50","0","True","app-00206.png"
"2026-07-25T23:57:58.2827688Z","147177","762","50","762","15","50","0","True","app-00207.png"
"2026-07-25T23:57:59.0154812Z","147910","766","50","766","16","50","0","True","app-00208.png"
"2026-07-25T23:57:59.7545659Z","148649","770","50","770","15","50","0","True","app-00209.png"
"2026-07-25T23:58:00.4875349Z","149382","773","50","773","16","50","0","True","app-00210.png"
"2026-07-25T23:58:01.2290479Z","150123","777","50","777","16","50","0","True","app-00211.png"
"2026-07-25T23:58:01.9686804Z","150863","781","50","781","16","50","0","True","app-00212.png"
"2026-07-25T23:58:02.6945345Z","151589","785","50","785","15","50","0","True","app-00213.png"
"2026-07-25T23:58:03.4269930Z","152321","789","50","789","15","50","0","True","app-00214.png"
"2026-07-25T23:58:04.1575756Z","153052","793","50","793","15","50","0","True","app-00215.png"
"2026-07-25T23:58:04.8170364Z","153711","798","50","798","16","50","0","True","app-00216.png"
"2026-07-25T23:58:05.5434639Z","154437","802","50","802","16","50","0","True","app-00217.png"
"2026-07-25T23:58:06.2732497Z","155167","806","50","806","16","50","0","True","app-00218.png"
"2026-07-25T23:58:07.0044000Z","155898","810","50","810","15","50","0","True","app-00219.png"
"2026-07-25T23:58:07.7469718Z","156641","814","50","814","15","50","0","True","app-00220.png"
"2026-07-25T23:58:08.4672559Z","157361","817","50","817","15","50","0","True","app-00221.png"
"2026-07-25T23:58:09.2011971Z","158095","821","50","821","16","50","0","True","app-00222.png"
"2026-07-25T23:58:09.9331915Z","158827","825","50","825","15","50","0","True","app-00223.png"
"2026-07-25T23:58:10.6639532Z","159558","830","50","830","16","50","0","True","app-00224.png"
"2026-07-25T23:58:11.3147817Z","160209","833","50","833","16","50","0","True","app-00225.png"
"2026-07-25T23:58:12.0465103Z","160941","836","50","836","16","50","0","True","app-00226.png"
"2026-07-25T23:58:12.6950340Z","161589","839","50","839","16","50","0","True","app-00227.png"
"2026-07-25T23:58:13.3488781Z","162243","842","50","842","16","50","0","True","app-00228.png"
"2026-07-25T23:58:14.0865700Z","162981","844","50","844","15","50","0","True","app-00229.png"
"2026-07-25T23:58:14.8137468Z","163708","848","50","848","16","50","0","True","app-00230.png"
"2026-07-25T23:58:15.4685591Z","164363","852","50","852","16","50","0","True","app-00231.png"
"2026-07-25T23:58:16.2099162Z","165104","856","50","856","16","50","0","True","app-00232.png"
"2026-07-25T23:58:16.9427067Z","165837","859","50","859","15","50","0","True","app-00233.png"
"2026-07-25T23:58:17.6723867Z","166566","863","50","863","15","50","0","True","app-00234.png"
"2026-07-25T23:58:18.4031744Z","167297","868","50","868","16","50","0","True","app-00235.png"
"2026-07-25T23:58:19.1338878Z","168028","872","50","872","16","50","0","True","app-00236.png"
"2026-07-25T23:58:19.8630749Z","168757","876","50","876","16","50","0","True","app-00237.png"
"2026-07-25T23:58:20.5951294Z","169489","879","50","879","16","50","0","True","app-00238.png"
"2026-07-25T23:58:21.3206392Z","170215","883","50","883","15","50","0","True","app-00239.png"
"2026-07-25T23:58:22.0518324Z","170946","887","50","887","15","50","0","True","app-00240.png"
"2026-07-25T23:58:22.7851125Z","171679","892","50","892","15","50","0","True","app-00241.png"
"2026-07-25T23:58:23.5106429Z","172405","896","50","896","15","50","0","True","app-00242.png"
"2026-07-25T23:58:24.2388611Z","173133","900","50","900","15","50","0","True","app-00243.png"
"2026-07-25T23:58:24.9717120Z","173866","905","50","905","16","50","0","True","app-00244.png"
"2026-07-25T23:58:25.7201807Z","174614","909","50","909","16","50","0","True","app-00245.png"
"2026-07-25T23:58:26.4507744Z","175345","912","50","912","15","50","0","True","app-00246.png"
"2026-07-25T23:58:27.1882946Z","176082","916","50","916","15","50","0","True","app-00247.png"
"2026-07-25T23:58:27.9154375Z","176809","920","50","920","15","50","0","True","app-00248.png"
"2026-07-25T23:58:28.6512485Z","177545","924","50","924","15","50","0","True","app-00249.png"
"2026-07-25T23:58:29.3892970Z","178283","929","50","929","16","50","0","True","app-00250.png"
"2026-07-25T23:58:30.1370747Z","179031","933","50","933","16","50","0","True","app-00251.png"
"2026-07-25T23:58:30.8679782Z","179762","937","50","937","15","50","0","True","app-00252.png"
"2026-07-25T23:58:31.5953240Z","180489","941","50","941","15","50","0","True","app-00253.png"
"2026-07-25T23:58:32.3362492Z","181230","946","50","946","15","50","0","True","app-00254.png"
"2026-07-25T23:58:33.0784793Z","181972","950","50","950","15","50","0","True","app-00255.png"
"2026-07-25T23:58:33.7963734Z","182690","954","50","954","15","50","0","True","app-00256.png"
"2026-07-25T23:58:34.5338688Z","183428","958","50","958","16","50","0","True","app-00257.png"
"2026-07-25T23:58:35.2633963Z","184157","959","50","959","15","50","0","True","app-00258.png"
"2026-07-25T23:58:36.0006334Z","184894","963","50","963","15","50","0","True","app-00259.png"
"2026-07-25T23:58:36.7445839Z","185638","968","50","968","16","50","0","True","app-00260.png"
"2026-07-25T23:58:37.4710781Z","186365","973","50","973","16","50","0","True","app-00261.png"
"2026-07-25T23:58:38.2030695Z","187097","976","50","976","15","50","0","True","app-00262.png"
"2026-07-25T23:58:38.9302347Z","187824","980","50","980","16","50","0","True","app-00263.png"
"2026-07-25T23:58:39.6653839Z","188559","984","50","984","16","50","0","True","app-00264.png"
"2026-07-25T23:58:40.3991499Z","189293","987","50","987","15","50","0","True","app-00265.png"
"2026-07-25T23:58:41.1284543Z","190022","992","50","992","16","50","0","True","app-00266.png"
"2026-07-25T23:58:41.8557794Z","190750","996","50","996","15","50","0","True","app-00267.png"
"2026-07-25T23:58:42.5885804Z","191482","1000","50","1000","16","50","0","True","app-00268.png"
"2026-07-25T23:58:43.3670092Z","192261","1004","50","1004","16","50","0","True","app-00269.png"
"2026-07-25T23:58:44.0977690Z","192992","1008","50","1008","16","50","0","True","app-00270.png"
"2026-07-25T23:58:44.8590264Z","193753","1012","50","1012","16","50","0","True","app-00271.png"
"2026-07-25T23:58:45.5899549Z","194484","1016","50","1016","15","50","0","True","app-00272.png"
"2026-07-25T23:58:46.3329676Z","195227","1021","50","1021","16","50","0","True","app-00273.png"
"2026-07-25T23:58:47.0665729Z","195960","1024","50","1024","16","50","0","True","app-00274.png"
"2026-07-25T23:58:47.8039286Z","196698","1027","50","1027","16","50","0","True","app-00275.png"
"2026-07-25T23:58:48.5266137Z","197420","1031","50","1031","16","50","0","True","app-00276.png"
"2026-07-25T23:58:49.2605683Z","198154","1034","50","1034","15","50","0","True","app-00277.png"
"2026-07-25T23:58:49.9899504Z","198884","1039","50","1039","15","50","0","True","app-00278.png"
"2026-07-25T23:58:50.7344554Z","199628","1043","50","1043","15","50","0","True","app-00279.png"
"2026-07-25T23:58:51.4602451Z","200354","1047","50","1047","16","50","0","True","app-00280.png"
"2026-07-25T23:58:52.1917063Z","201085","1051","50","1051","15","50","0","True","app-00281.png"
"2026-07-25T23:58:52.9221330Z","201816","1056","50","1056","15","50","0","True","app-00282.png"
"2026-07-25T23:58:53.6543175Z","202548","1060","50","1060","15","50","0","True","app-00283.png"
"2026-07-25T23:58:54.3902420Z","203284","1065","50","1065","16","50","0","True","app-00284.png"
"2026-07-25T23:58:55.1220080Z","204016","1069","50","1069","15","50","0","True","app-00285.png"
"2026-07-25T23:58:55.8481312Z","204742","1073","50","1073","15","50","0","True","app-00286.png"
"2026-07-25T23:58:56.5928320Z","205487","1077","50","1077","15","50","0","True","app-00287.png"
"2026-07-25T23:58:57.3260859Z","206220","1081","50","1081","15","50","0","True","app-00288.png"
"2026-07-25T23:58:58.0511481Z","206945","1086","50","1086","16","50","0","True","app-00289.png"
"2026-07-25T23:58:58.7798635Z","207674","1090","50","1090","15","50","0","True","app-00290.png"
"2026-07-25T23:58:59.5113847Z","208405","1094","50","1094","15","50","0","True","app-00291.png"
"2026-07-25T23:59:00.2510780Z","209145","1099","50","1099","16","50","0","True","app-00292.png"
"2026-07-25T23:59:00.9805736Z","209874","1103","50","1103","15","50","0","True","app-00293.png"
"2026-07-25T23:59:01.7077257Z","210601","1107","50","1107","15","50","0","True","app-00294.png"
"2026-07-25T23:59:02.4333273Z","211327","1111","50","1111","15","50","0","True","app-00295.png"
"2026-07-25T23:59:03.1669949Z","212061","1115","50","1115","16","50","0","True","app-00296.png"
"2026-07-25T23:59:03.8949191Z","212789","1119","50","1119","16","50","0","True","app-00297.png"
"2026-07-25T23:59:04.6240115Z","213518","1122","50","1122","15","50","0","True","app-00298.png"
"2026-07-25T23:59:05.3551183Z","214249","1126","50","1126","16","50","0","True","app-00299.png"
"2026-07-25T23:59:06.0915142Z","214985","1128","50","1128","15","50","0","True","app-00300.png"
"2026-07-25T23:59:06.8247182Z","215718","1133","50","1133","16","50","0","True","app-00301.png"
"2026-07-25T23:59:07.5484003Z","216442","1137","50","1137","15","50","0","True","app-00302.png"
"2026-07-25T23:59:08.2970780Z","217191","1141","50","1141","16","50","0","True","app-00303.png"
"2026-07-25T23:59:09.0330597Z","217927","1144","50","1144","15","50","0","True","app-00304.png"
"2026-07-25T23:59:09.7645283Z","218658","1147","50","1147","16","50","0","True","app-00305.png"
"2026-07-25T23:59:10.4969088Z","219390","1150","50","1150","16","50","0","True","app-00306.png"
"2026-07-25T23:59:11.2446128Z","220138","1154","50","1154","15","50","0","True","app-00307.png"
"2026-07-25T23:59:11.9711492Z","220865","1159","50","1159","16","50","0","True","app-00308.png"
"2026-07-25T23:59:12.7059708Z","221600","1163","50","1163","16","50","0","True","app-00309.png"
"2026-07-25T23:59:13.3553262Z","222249","1165","50","1165","15","50","0","True","app-00310.png"
"2026-07-25T23:59:14.1048523Z","222998","1169","50","1169","16","50","0","True","app-00311.png"
"2026-07-25T23:59:14.8342641Z","223728","1172","50","1172","16","50","0","True","app-00312.png"
"2026-07-25T23:59:15.5599664Z","224454","1177","50","1177","16","50","0","True","app-00313.png"
"2026-07-25T23:59:16.2885488Z","225182","1181","50","1181","15","50","0","True","app-00314.png"
"2026-07-25T23:59:17.0290829Z","225923","1186","50","1186","16","50","0","True","app-00315.png"
"2026-07-25T23:59:17.7563273Z","226650","1190","50","1190","15","50","0","True","app-00316.png"
"2026-07-25T23:59:18.5059145Z","227399","1195","50","1195","16","50","0","True","app-00317.png"
"2026-07-25T23:59:19.2519448Z","228145","1199","50","1199","16","50","0","True","app-00318.png"
"2026-07-25T23:59:19.9858628Z","228879","1203","50","1203","15","50","0","True","app-00319.png"
"2026-07-25T23:59:20.7175225Z","229611","1207","50","1207","16","50","0","True","app-00320.png"
"2026-07-25T23:59:21.4474733Z","230341","1212","50","1212","16","50","0","True","app-00321.png"
"2026-07-25T23:59:22.1966031Z","231090","1214","50","1214","15","50","0","True","app-00322.png"
"2026-07-25T23:59:22.9187145Z","231812","1219","50","1219","16","50","0","True","app-00323.png"
"2026-07-25T23:59:23.6512941Z","232545","1223","50","1223","16","50","0","True","app-00324.png"
"2026-07-25T23:59:24.3831477Z","233277","1227","50","1227","16","50","0","True","app-00325.png"
"2026-07-25T23:59:25.1023882Z","233996","1230","50","1230","15","50","0","True","app-00326.png"
"2026-07-25T23:59:25.8388714Z","234732","1234","50","1234","16","50","0","True","app-00327.png"
"2026-07-25T23:59:26.5683300Z","235462","1237","50","1237","16","50","0","True","app-00328.png"
"2026-07-25T23:59:27.3004074Z","236194","1241","50","1241","15","50","0","True","app-00329.png"
"2026-07-25T23:59:28.0298154Z","236923","1245","50","1245","15","50","0","True","app-00330.png"
"2026-07-25T23:59:28.7560754Z","237650","1250","50","1250","16","50","0","True","app-00331.png"
"2026-07-25T23:59:29.4889410Z","238382","1253","50","1253","15","50","0","True","app-00332.png"
"2026-07-25T23:59:30.2113916Z","239105","1258","50","1258","15","50","0","True","app-00333.png"
"2026-07-25T23:59:30.9402359Z","239834","1261","50","1261","15","50","0","True","app-00334.png"
"2026-07-25T23:59:31.6856016Z","240579","1265","50","1265","16","50","0","True","app-00335.png"
"2026-07-25T23:59:32.4156523Z","241309","1270","50","1270","16","50","0","True","app-00336.png"
"2026-07-25T23:59:33.1438803Z","242037","1274","50","1274","16","50","0","True","app-00337.png"
"2026-07-25T23:59:33.8725511Z","242766","1278","50","1278","15","50","0","True","app-00338.png"
"2026-07-25T23:59:34.6112254Z","243505","1282","50","1282","15","50","0","True","app-00339.png"
"2026-07-25T23:59:35.3349760Z","244228","1287","50","1287","16","50","0","True","app-00340.png"
"2026-07-25T23:59:36.0630907Z","244957","1290","50","1290","15","50","0","True","app-00341.png"
"2026-07-25T23:59:36.7962665Z","245690","1293","50","1293","16","50","0","True","app-00342.png"
"2026-07-25T23:59:37.5214314Z","246415","1297","50","1297","15","50","0","True","app-00343.png"
"2026-07-25T23:59:38.2655505Z","247159","1301","50","1301","15","50","0","True","app-00344.png"
"2026-07-25T23:59:38.9982479Z","247892","1305","50","1305","15","50","0","True","app-00345.png"
"2026-07-25T23:59:39.7298333Z","248623","1308","50","1308","15","50","0","True","app-00346.png"
"2026-07-25T23:59:40.4610385Z","249354","1312","50","1312","15","50","0","True","app-00347.png"
"2026-07-25T23:59:41.1930552Z","250086","1316","50","1316","16","50","0","True","app-00348.png"
"2026-07-25T23:59:41.9223304Z","250816","1319","50","1319","16","50","0","True","app-00349.png"
"2026-07-25T23:59:42.6616806Z","251555","1322","50","1322","15","50","0","True","app-00350.png"
"2026-07-25T23:59:43.3849158Z","252278","1327","50","1327","15","50","0","True","app-00351.png"
"2026-07-25T23:59:44.1177706Z","253011","1331","50","1331","15","50","0","True","app-00352.png"
"2026-07-25T23:59:44.8600491Z","253753","1334","50","1334","15","50","0","True","app-00353.png"
"2026-07-25T23:59:45.5830047Z","254476","1338","50","1338","15","50","0","True","app-00354.png"
"2026-07-25T23:59:46.3152597Z","255209","1343","50","1343","15","50","0","True","app-00355.png"
"2026-07-25T23:59:47.0490472Z","255942","1348","50","1348","16","50","0","True","app-00356.png"
"2026-07-25T23:59:47.7706509Z","256664","1352","50","1352","15","50","0","True","app-00357.png"
"2026-07-25T23:59:48.5043161Z","257398","1357","50","1357","16","50","0","True","app-00358.png"
"2026-07-25T23:59:49.2463143Z","258140","1361","50","1361","15","50","0","True","app-00359.png"
"2026-07-25T23:59:49.9814718Z","258875","1366","50","1366","16","50","0","True","app-00360.png"
"2026-07-25T23:59:50.7108757Z","259604","1370","50","1370","16","50","0","True","app-00361.png"
"2026-07-25T23:59:51.4619592Z","260355","1373","50","1373","15","50","0","True","app-00362.png"
"2026-07-25T23:59:52.2106328Z","261104","1376","50","1376","15","50","0","True","app-00363.png"
"2026-07-25T23:59:52.9422928Z","261836","1379","50","1379","15","50","0","True","app-00364.png"
"2026-07-25T23:59:53.7077041Z","262601","1383","50","1383","15","50","0","True","app-00365.png"
"2026-07-25T23:59:54.4454908Z","263339","1387","50","1387","16","50","0","True","app-00366.png"
"2026-07-25T23:59:55.1830027Z","264076","1391","50","1391","15","50","0","True","app-00367.png"
"2026-07-25T23:59:55.9123201Z","264806","1396","50","1396","15","50","0","True","app-00368.png"
"2026-07-25T23:59:56.6567091Z","265550","1400","50","1400","15","50","0","True","app-00369.png"
"2026-07-25T23:59:57.3918151Z","266285","1404","50","1404","15","50","0","True","app-00370.png"
"2026-07-25T23:59:58.1176725Z","267011","1409","50","1409","16","50","0","True","app-00371.png"
"2026-07-25T23:59:58.8481528Z","267741","1413","50","1413","16","50","0","True","app-00372.png"
"2026-07-25T23:59:59.5994299Z","268493","1417","50","1417","15","50","0","True","app-00373.png"
"2026-07-26T00:00:00.3233403Z","269217","1421","50","1421","16","50","0","True","app-00374.png"
"2026-07-26T00:00:01.0603804Z","269954","1425","50","1425","16","50","0","True","app-00375.png"
"2026-07-26T00:00:01.8043467Z","270698","1428","50","1428","15","50","0","True","app-00376.png"
"2026-07-26T00:00:02.5257035Z","271419","1431","50","1431","16","50","0","True","app-00377.png"
"2026-07-26T00:00:03.2636022Z","272157","1432","50","1432","16","50","0","True","app-00378.png"
"2026-07-26T00:00:03.9931577Z","272886","1434","50","1434","16","50","0","True","app-00379.png"
"2026-07-26T00:00:04.7359368Z","273629","1438","50","1438","16","50","0","True","app-00380.png"
"2026-07-26T00:00:05.4645078Z","274358","1441","50","1441","16","50","0","True","app-00381.png"
"2026-07-26T00:00:06.1962411Z","275089","1442","50","1442","16","50","0","True","app-00382.png"
"2026-07-26T00:00:06.9402139Z","275833","1445","50","1445","16","50","0","True","app-00383.png"
"2026-07-26T00:00:07.6719663Z","276565","1448","50","1448","16","50","0","True","app-00384.png"
"2026-07-26T00:00:08.3951384Z","277288","1451","50","1451","15","50","0","True","app-00385.png"
"2026-07-26T00:00:09.1229126Z","278016","1455","50","1455","15","50","0","True","app-00386.png"
"2026-07-26T00:00:09.8550252Z","278748","1458","50","1458","15","50","0","True","app-00387.png"
"2026-07-26T00:00:10.5908123Z","279484","1462","50","1462","15","50","0","True","app-00388.png"
"2026-07-26T00:00:11.3339275Z","280227","1466","50","1466","15","50","0","True","app-00389.png"
"2026-07-26T00:00:12.0556261Z","280949","1470","50","1470","15","50","0","True","app-00390.png"
"2026-07-26T00:00:12.8061992Z","281699","1474","50","1474","15","50","0","True","app-00391.png"
"2026-07-26T00:00:13.5510360Z","282444","1478","50","1478","16","50","0","True","app-00392.png"
"2026-07-26T00:00:14.2838697Z","283177","1482","50","1482","16","50","0","True","app-00393.png"
"2026-07-26T00:00:15.0119783Z","283905","1486","50","1486","15","50","0","True","app-00394.png"
"2026-07-26T00:00:15.7483542Z","284642","1490","50","1490","15","50","0","True","app-00395.png"
"2026-07-26T00:00:16.4812362Z","285374","1494","50","1494","15","50","0","True","app-00396.png"
"2026-07-26T00:00:17.2086099Z","286102","1498","50","1498","15","50","0","True","app-00397.png"
"2026-07-26T00:00:17.9459632Z","286839","1502","50","1502","15","50","0","True","app-00398.png"
"2026-07-26T00:00:18.6843161Z","287577","1506","50","1506","15","50","0","True","app-00399.png"
"2026-07-26T00:00:19.4166448Z","288310","1510","50","1510","15","50","0","True","app-00400.png"
"2026-07-26T00:00:20.1476274Z","289041","1515","50","1515","16","50","0","True","app-00401.png"
"2026-07-26T00:00:20.8832594Z","289776","1519","50","1519","16","50","0","True","app-00402.png"
"2026-07-26T00:00:21.6310235Z","290524","1523","50","1523","16","50","0","True","app-00403.png"
"2026-07-26T00:00:22.3609710Z","291254","1527","50","1527","15","50","0","True","app-00404.png"
"2026-07-26T00:00:23.1057343Z","291999","1531","50","1531","15","50","0","True","app-00405.png"
"2026-07-26T00:00:23.8368796Z","292730","1536","50","1536","16","50","0","True","app-00406.png"
"2026-07-26T00:00:24.5678985Z","293461","1540","50","1540","16","50","0","True","app-00407.png"
"2026-07-26T00:00:25.3106836Z","294204","1544","50","1544","15","50","0","True","app-00408.png"
"2026-07-26T00:00:26.0435569Z","294937","1549","50","1549","16","50","0","True","app-00409.png"
"2026-07-26T00:00:26.7741664Z","295667","1552","50","1552","16","50","0","True","app-00410.png"
"2026-07-26T00:00:27.5066214Z","296400","1555","50","1555","15","50","0","True","app-00411.png"
"2026-07-26T00:00:28.2376783Z","297131","1560","50","1560","16","50","0","True","app-00412.png"
"2026-07-26T00:00:28.9723425Z","297865","1564","50","1564","16","50","0","True","app-00413.png"
"2026-07-26T00:00:29.6987802Z","298592","1568","50","1568","15","50","0","True","app-00414.png"
"2026-07-26T00:00:30.4315724Z","299325","1572","50","1572","15","50","0","True","app-00415.png"
"2026-07-26T00:00:31.1654668Z","300059","1576","50","1576","15","50","0","True","app-00416.png"
"2026-07-26T00:00:31.9078137Z","300801","1579","50","1579","15","50","0","True","app-00417.png"
"2026-07-26T00:00:32.6402146Z","301533","1584","50","1584","16","50","0","True","app-00418.png"
"2026-07-26T00:00:33.3711760Z","302264","1588","50","1588","15","50","0","True","app-00419.png"
"2026-07-26T00:00:34.1052967Z","302998","1593","50","1593","15","50","0","True","app-00420.png"
"2026-07-26T00:00:34.8322407Z","303725","1597","50","1597","15","50","0","True","app-00421.png"
"2026-07-26T00:00:35.5760220Z","304469","1601","50","1601","15","50","0","True","app-00422.png"
"2026-07-26T00:00:36.3282840Z","305221","1606","50","1606","15","50","0","True","app-00423.png"
"2026-07-26T00:00:37.0620439Z","305955","1611","50","1611","16","50","0","True","app-00424.png"
"2026-07-26T00:00:37.7918275Z","306685","1615","50","1615","16","50","0","True","app-00425.png"
"2026-07-26T00:00:38.5149302Z","307408","1619","50","1619","15","50","0","True","app-00426.png"
"2026-07-26T00:00:39.2459205Z","308139","1624","50","1624","15","50","0","True","app-00427.png"
"2026-07-26T00:00:39.9771292Z","308870","1628","50","1628","15","50","0","True","app-00428.png"
"2026-07-26T00:00:40.7089101Z","309602","1633","50","1633","16","50","0","True","app-00429.png"
"2026-07-26T00:00:41.4422319Z","310335","1637","50","1637","15","50","0","True","app-00430.png"
"2026-07-26T00:00:42.1706431Z","311064","1642","50","1642","15","50","0","True","app-00431.png"
"2026-07-26T00:00:42.9041525Z","311797","1647","50","1647","16","50","0","True","app-00432.png"
"2026-07-26T00:00:43.6398755Z","312533","1650","50","1650","15","50","0","True","app-00433.png"
"2026-07-26T00:00:44.3687891Z","313262","1655","50","1655","16","50","0","True","app-00434.png"
"2026-07-26T00:00:45.1011671Z","313994","1660","50","1660","16","50","0","True","app-00435.png"
"2026-07-26T00:00:45.8361561Z","314729","1664","50","1664","15","50","0","True","app-00436.png"
"2026-07-26T00:00:46.5719809Z","315465","1669","50","1669","15","50","0","True","app-00437.png"
"2026-07-26T00:00:47.3042488Z","316197","1674","50","1674","16","50","0","True","app-00438.png"
"2026-07-26T00:00:48.0369853Z","316930","1678","50","1678","15","50","0","True","app-00439.png"
"2026-07-26T00:00:48.7686450Z","317662","1683","50","1683","15","50","0","True","app-00440.png"
"2026-07-26T00:00:49.4976008Z","318391","1688","50","1688","15","50","0","True","app-00441.png"
"2026-07-26T00:00:50.2246796Z","319118","1693","50","1693","16","50","0","True","app-00442.png"
"2026-07-26T00:00:50.9493775Z","319842","1698","50","1698","16","50","0","True","app-00443.png"
"2026-07-26T00:00:51.6938223Z","320587","1702","50","1702","15","50","0","True","app-00444.png"
"2026-07-26T00:00:52.4234346Z","321316","1707","50","1707","15","50","0","True","app-00445.png"
"2026-07-26T00:00:53.1710630Z","322064","1712","50","1712","16","50","0","True","app-00446.png"
"2026-07-26T00:00:53.9167821Z","322810","1717","50","1717","16","50","0","True","app-00447.png"
"2026-07-26T00:00:54.6468811Z","323540","1721","50","1721","15","50","0","True","app-00448.png"
"2026-07-26T00:00:55.3922290Z","324285","1726","50","1726","15","50","0","True","app-00449.png"
"2026-07-26T00:00:56.1387733Z","325032","1731","50","1731","16","50","0","True","app-00450.png"
"2026-07-26T00:00:56.8863887Z","325779","1735","50","1735","15","50","0","True","app-00451.png"
"2026-07-26T00:00:57.5531721Z","326446","1739","50","1739","15","50","0","True","app-00452.png"
"2026-07-26T00:00:58.2867030Z","327180","1744","50","1744","16","50","0","True","app-00453.png"
"2026-07-26T00:00:59.0192331Z","327912","1748","50","1748","16","50","0","True","app-00454.png"
"2026-07-26T00:00:59.7474052Z","328640","1753","50","1753","16","50","0","True","app-00455.png"
"2026-07-26T00:01:00.4964583Z","329389","1757","50","1757","15","50","0","True","app-00456.png"
"2026-07-26T00:01:01.2361250Z","330129","1761","50","1761","15","50","0","True","app-00457.png"
"2026-07-26T00:01:01.9926892Z","330886","1765","50","1765","15","50","0","True","app-00458.png"
"2026-07-26T00:01:02.7221237Z","331615","1770","50","1770","16","50","0","True","app-00459.png"
"2026-07-26T00:01:03.4619308Z","332355","1772","50","1772","15","50","0","True","app-00460.png"
"2026-07-26T00:01:04.1995490Z","333092","1776","50","1776","16","50","0","True","app-00461.png"
"2026-07-26T00:01:04.9361256Z","333829","1779","50","1779","16","50","0","True","app-00462.png"
"2026-07-26T00:01:05.6732413Z","334566","1782","50","1782","15","50","0","True","app-00463.png"
"2026-07-26T00:01:06.4035830Z","335296","1787","50","1787","16","50","0","True","app-00464.png"
"2026-07-26T00:01:07.1339791Z","336027","1791","50","1791","15","50","0","True","app-00465.png"
"2026-07-26T00:01:07.8671355Z","336760","1796","50","1796","16","50","0","True","app-00466.png"
"2026-07-26T00:01:08.5933884Z","337486","1801","50","1801","16","50","0","True","app-00467.png"
"2026-07-26T00:01:09.3284208Z","338221","1805","50","1805","15","50","0","True","app-00468.png"
"2026-07-26T00:01:10.0625170Z","338955","1810","50","1810","16","50","0","True","app-00469.png"
"2026-07-26T00:01:10.7879221Z","339681","1815","50","1815","16","50","0","True","app-00470.png"
"2026-07-26T00:01:11.5396801Z","340432","1819","50","1819","16","50","0","True","app-00471.png"
"2026-07-26T00:01:12.2636260Z","341156","1823","50","1823","15","50","0","True","app-00472.png"
"2026-07-26T00:01:12.9926166Z","341885","1827","50","1827","15","50","0","True","app-00473.png"
"2026-07-26T00:01:13.7250824Z","342618","1832","50","1832","16","50","0","True","app-00474.png"
"2026-07-26T00:01:14.4628138Z","343356","1836","50","1836","15","50","0","True","app-00475.png"
"2026-07-26T00:01:15.1919977Z","344085","1841","50","1841","15","50","0","True","app-00476.png"
"2026-07-26T00:01:15.9399349Z","344833","1845","50","1845","15","50","0","True","app-00477.png"
"2026-07-26T00:01:16.6716187Z","345564","1850","50","1850","16","50","0","True","app-00478.png"
"2026-07-26T00:01:17.4024902Z","346295","1854","50","1854","16","50","0","True","app-00479.png"
"2026-07-26T00:01:18.1285008Z","347021","1858","50","1858","15","50","0","True","app-00480.png"
"2026-07-26T00:01:18.8615043Z","347754","1862","50","1862","15","50","0","True","app-00481.png"
"2026-07-26T00:01:19.5809135Z","348474","1867","50","1867","16","50","0","True","app-00482.png"
"2026-07-26T00:01:20.3164806Z","349209","1870","50","1870","15","50","0","True","app-00483.png"
"2026-07-26T00:01:21.0654629Z","349958","1874","50","1874","16","50","0","True","app-00484.png"
"2026-07-26T00:01:21.8110292Z","350704","1878","50","1878","15","50","0","True","app-00485.png"
"2026-07-26T00:01:22.5479398Z","351441","1882","50","1882","15","50","0","True","app-00486.png"
"2026-07-26T00:01:23.2807210Z","352173","1887","50","1887","16","50","0","True","app-00487.png"
"2026-07-26T00:01:24.0256515Z","352918","1891","50","1891","16","50","0","True","app-00488.png"
"2026-07-26T00:01:24.7525406Z","353645","1895","50","1895","15","50","0","True","app-00489.png"
"2026-07-26T00:01:25.4910260Z","354384","1900","50","1900","16","50","0","True","app-00490.png"
"2026-07-26T00:01:26.2348714Z","355128","1903","50","1903","15","50","0","True","app-00491.png"
"2026-07-26T00:01:26.9853188Z","355878","1908","50","1908","16","50","0","True","app-00492.png"
"2026-07-26T00:01:27.7120418Z","356605","1912","50","1912","16","50","0","True","app-00493.png"
"2026-07-26T00:01:28.4400138Z","357333","1915","50","1915","16","50","0","True","app-00494.png"
"2026-07-26T00:01:29.1858008Z","358078","1918","50","1918","15","50","0","True","app-00495.png"
"2026-07-26T00:01:29.9189656Z","358812","1923","50","1923","16","50","0","True","app-00496.png"
"2026-07-26T00:01:30.6816880Z","359574","1927","50","1927","16","50","0","True","app-00497.png"
"2026-07-26T00:01:31.4140633Z","360307","1931","50","1931","16","50","0","True","app-00498.png"
"2026-07-26T00:01:32.1444551Z","361037","1935","50","1935","15","50","0","True","app-00499.png"
"2026-07-26T00:01:32.8879898Z","361781","1939","50","1939","16","50","0","True","app-00500.png"
"2026-07-26T00:01:33.6192738Z","362512","1943","50","1943","16","50","0","True","app-00501.png"
"2026-07-26T00:01:34.3673214Z","363260","1946","50","1946","15","50","0","True","app-00502.png"
"2026-07-26T00:01:35.1045276Z","363997","1951","50","1951","16","50","0","True","app-00503.png"
"2026-07-26T00:01:35.8324652Z","364725","1955","50","1955","15","50","0","True","app-00504.png"
"2026-07-26T00:01:36.5576485Z","365450","1959","50","1959","16","50","0","True","app-00505.png"
"2026-07-26T00:01:37.2864069Z","366179","1961","50","1961","15","50","0","True","app-00506.png"
"2026-07-26T00:01:38.0177678Z","366910","1965","50","1965","16","50","0","True","app-00507.png"
"2026-07-26T00:01:38.7470743Z","367640","1968","50","1968","16","50","0","True","app-00508.png"
"2026-07-26T00:01:39.4729043Z","368366","1971","50","1971","16","50","0","True","app-00509.png"
"2026-07-26T00:01:40.2096207Z","369102","1974","50","1974","15","50","0","True","app-00510.png"
"2026-07-26T00:01:40.9479688Z","369841","1978","50","1978","16","50","0","True","app-00511.png"
"2026-07-26T00:01:41.6694541Z","370562","1982","50","1982","16","50","0","True","app-00512.png"
"2026-07-26T00:01:42.4126630Z","371305","1985","50","1985","15","50","0","True","app-00513.png"
"2026-07-26T00:01:43.1769137Z","372070","1989","50","1989","16","50","0","True","app-00514.png"
"2026-07-26T00:01:43.9186860Z","372811","1993","50","1993","16","50","0","True","app-00515.png"
"2026-07-26T00:01:44.6466812Z","373539","1996","50","1996","15","50","0","True","app-00516.png"
"2026-07-26T00:01:45.3822809Z","374275","1999","50","1999","15","50","0","True","app-00517.png"
"2026-07-26T00:01:46.1253577Z","375018","2003","50","2003","16","50","0","True","app-00518.png"
"2026-07-26T00:01:46.9403549Z","375833","2005","50","2005","15","50","0","True","app-00519.png"
"2026-07-26T00:01:47.6689190Z","376561","2010","50","2010","16","50","0","True","app-00520.png"
"2026-07-26T00:01:48.4035984Z","377296","2013","50","2013","15","50","0","True","app-00521.png"
"2026-07-26T00:01:49.1320462Z","378025","2017","50","2017","16","50","0","True","app-00522.png"
"2026-07-26T00:01:49.8809937Z","378774","2020","50","2020","16","50","0","True","app-00523.png"
"2026-07-26T00:01:50.6115855Z","379504","2024","50","2024","15","50","0","True","app-00524.png"
"2026-07-26T00:01:51.3393131Z","380232","2027","50","2027","15","50","0","True","app-00525.png"
"2026-07-26T00:01:52.0883561Z","380981","2031","50","2031","15","50","0","True","app-00526.png"
"2026-07-26T00:01:52.8261693Z","381719","2035","50","2035","16","50","0","True","app-00527.png"
"2026-07-26T00:01:53.5535960Z","382446","2038","50","2038","15","50","0","True","app-00528.png"
"2026-07-26T00:01:54.2831101Z","383176","2043","50","2043","16","50","0","True","app-00529.png"
"2026-07-26T00:01:55.0180603Z","383911","2046","50","2046","15","50","0","True","app-00530.png"
"2026-07-26T00:01:55.7605479Z","384653","2051","50","2051","16","50","0","True","app-00531.png"
"2026-07-26T00:01:56.4926198Z","385385","2055","50","2055","16","50","0","True","app-00532.png"
"2026-07-26T00:01:57.2526975Z","386145","2058","50","2058","16","50","0","True","app-00533.png"
"2026-07-26T00:01:57.9924456Z","386885","2059","50","2059","16","50","0","True","app-00534.png"
"2026-07-26T00:01:58.7221049Z","387615","2062","50","2062","15","50","0","True","app-00535.png"
"2026-07-26T00:01:59.4606623Z","388353","2067","50","2067","16","50","0","True","app-00536.png"
"2026-07-26T00:02:00.1908944Z","389083","2069","50","2069","16","50","0","True","app-00537.png"
"2026-07-26T00:02:00.9212120Z","389814","2071","50","2071","16","50","0","True","app-00538.png"
"2026-07-26T00:02:01.6633455Z","390556","2073","50","2073","15","50","0","True","app-00539.png"
"2026-07-26T00:02:02.4038470Z","391296","2075","50","2075","16","50","0","True","app-00540.png"
"2026-07-26T00:02:03.1321825Z","392025","2079","50","2079","16","50","0","True","app-00541.png"
"2026-07-26T00:02:03.8599085Z","392752","2081","50","2081","16","50","0","True","app-00542.png"
"2026-07-26T00:02:04.6239298Z","393516","2085","50","2085","16","50","0","True","app-00543.png"
"2026-07-26T00:02:05.3505648Z","394243","2088","50","2088","15","50","0","True","app-00544.png"
"2026-07-26T00:02:06.0866183Z","394979","2092","50","2092","16","50","0","True","app-00545.png"
"2026-07-26T00:02:06.8164590Z","395709","2095","50","2095","16","50","0","True","app-00546.png"
"2026-07-26T00:02:07.5635908Z","396456","2098","50","2098","15","50","0","True","app-00547.png"
"2026-07-26T00:02:08.2952752Z","397188","2102","50","2102","16","50","0","True","app-00548.png"
"2026-07-26T00:02:09.0506634Z","397943","2106","50","2106","16","50","0","True","app-00549.png"
"2026-07-26T00:02:09.7758055Z","398668","2110","50","2110","15","50","0","True","app-00550.png"
"2026-07-26T00:02:10.5030968Z","399396","2114","50","2114","15","50","0","True","app-00551.png"
"2026-07-26T00:02:11.2466052Z","400139","2118","50","2118","16","50","0","True","app-00552.png"
"2026-07-26T00:02:12.0160375Z","400908","2122","50","2122","16","50","0","True","app-00553.png"
"2026-07-26T00:02:12.8148120Z","401707","2126","50","2126","16","50","0","True","app-00554.png"
"2026-07-26T00:02:13.5441009Z","402436","2129","50","2129","16","50","0","True","app-00555.png"
"2026-07-26T00:02:14.2712066Z","403164","2132","50","2132","16","50","0","True","app-00556.png"
"2026-07-26T00:02:15.0068938Z","403899","2134","50","2134","15","50","0","True","app-00557.png"
"2026-07-26T00:02:15.7576687Z","404650","2138","50","2138","16","50","0","True","app-00558.png"
"2026-07-26T00:02:16.4862639Z","405379","2140","50","2140","16","50","0","True","app-00559.png"
"2026-07-26T00:02:17.2176143Z","406110","2143","50","2143","16","50","0","True","app-00560.png"
"2026-07-26T00:02:17.9536284Z","406846","2147","50","2147","16","50","0","True","app-00561.png"
"2026-07-26T00:02:18.6845288Z","407577","2150","50","2150","16","50","0","True","app-00562.png"
"2026-07-26T00:02:19.4154316Z","408308","2153","50","2153","15","50","0","True","app-00563.png"
"2026-07-26T00:02:20.1456293Z","409038","2157","50","2157","15","50","0","True","app-00564.png"
"2026-07-26T00:02:20.8722928Z","409765","2161","50","2161","15","50","0","True","app-00565.png"
"2026-07-26T00:02:21.6046159Z","410497","2164","50","2164","16","50","0","True","app-00566.png"
"2026-07-26T00:02:22.3354667Z","411228","2167","50","2167","16","50","0","True","app-00567.png"
"2026-07-26T00:02:23.0690131Z","411961","2170","50","2170","15","50","0","True","app-00568.png"
"2026-07-26T00:02:23.7908011Z","412683","2174","50","2174","15","50","0","True","app-00569.png"
"2026-07-26T00:02:24.5211033Z","413413","2178","50","2178","15","50","0","True","app-00570.png"
"2026-07-26T00:02:25.2561076Z","414148","2181","50","2181","15","50","0","True","app-00571.png"
"2026-07-26T00:02:25.9869821Z","414879","2184","50","2184","15","50","0","True","app-00572.png"
"2026-07-26T00:02:26.7277534Z","415620","2188","50","2188","15","50","0","True","app-00573.png"
"2026-07-26T00:02:27.4554549Z","416348","2192","50","2192","15","50","0","True","app-00574.png"
"2026-07-26T00:02:28.1978085Z","417090","2196","50","2196","15","50","0","True","app-00575.png"
"2026-07-26T00:02:28.9345710Z","417827","2200","50","2200","15","50","0","True","app-00576.png"
"2026-07-26T00:02:29.6656061Z","418558","2205","50","2205","16","50","0","True","app-00577.png"
"2026-07-26T00:02:30.3978658Z","419290","2208","50","2208","15","50","0","True","app-00578.png"
"2026-07-26T00:02:31.1276360Z","420020","2213","50","2213","16","50","0","True","app-00579.png"
"2026-07-26T00:02:31.8609372Z","420753","2216","50","2216","15","50","0","True","app-00580.png"
"2026-07-26T00:02:32.6076251Z","421500","2220","50","2220","16","50","0","True","app-00581.png"
"2026-07-26T00:02:33.3484352Z","422241","2223","50","2223","16","50","0","True","app-00582.png"
"2026-07-26T00:02:34.0773393Z","422970","2227","50","2227","16","50","0","True","app-00583.png"
"2026-07-26T00:02:34.8134047Z","423706","2230","50","2230","16","50","0","True","app-00584.png"
"2026-07-26T00:02:35.5389076Z","424431","2233","50","2233","15","50","0","True","app-00585.png"
"2026-07-26T00:02:36.2856481Z","425178","2236","50","2236","15","50","0","True","app-00586.png"
"2026-07-26T00:02:37.0395196Z","425932","2239","50","2239","16","50","0","True","app-00587.png"
"2026-07-26T00:02:37.7896610Z","426682","2242","50","2242","15","50","0","True","app-00588.png"
"2026-07-26T00:02:38.6408028Z","427533","2246","50","2246","15","50","0","True","app-00589.png"
"2026-07-26T00:02:39.3914065Z","428284","2250","50","2250","16","50","0","True","app-00590.png"
"2026-07-26T00:02:40.1222275Z","429014","2252","50","2252","15","50","0","True","app-00591.png"
"2026-07-26T00:02:40.8474343Z","429740","2256","50","2256","16","50","0","True","app-00592.png"
"2026-07-26T00:02:41.5888486Z","430481","2259","50","2259","15","50","0","True","app-00593.png"
"2026-07-26T00:02:42.3360943Z","431228","2263","50","2263","15","50","0","True","app-00594.png"
"2026-07-26T00:02:43.0726879Z","431965","2266","50","2266","15","50","0","True","app-00595.png"
"2026-07-26T00:02:43.8251242Z","432717","2269","50","2269","15","50","0","True","app-00596.png"
"2026-07-26T00:02:44.5672454Z","433459","2274","50","2274","16","50","0","True","app-00597.png"
"2026-07-26T00:02:45.2979583Z","434190","2278","50","2278","15","50","0","True","app-00598.png"
"2026-07-26T00:02:46.0249107Z","434917","2282","50","2282","16","50","0","True","app-00599.png"
"2026-07-26T00:02:46.7527538Z","435645","2284","50","2284","15","50","0","True","app-00600.png"
"2026-07-26T00:02:47.4841814Z","436376","2288","50","2288","15","50","0","True","app-00601.png"
"2026-07-26T00:02:48.2127484Z","437105","2292","50","2292","15","50","0","True","app-00602.png"
"2026-07-26T00:02:48.9465589Z","437839","2296","50","2296","15","50","0","True","app-00603.png"
"2026-07-26T00:02:49.6752815Z","438567","2300","50","2300","15","50","0","True","app-00604.png"
"2026-07-26T00:02:50.4084201Z","439301","2305","50","2305","16","50","0","True","app-00605.png"
"2026-07-26T00:02:51.1418262Z","440034","2309","50","2309","15","50","0","True","app-00606.png"
"2026-07-26T00:02:51.8655258Z","440758","2313","50","2313","16","50","0","True","app-00607.png"
"2026-07-26T00:02:52.5993155Z","441491","2316","50","2316","15","50","0","True","app-00608.png"
"2026-07-26T00:02:53.3381266Z","442230","2320","50","2320","15","50","0","True","app-00609.png"
"2026-07-26T00:02:54.0784352Z","442971","2324","50","2324","15","50","0","True","app-00610.png"
"2026-07-26T00:02:54.8091833Z","443701","2328","50","2328","15","50","0","True","app-00611.png"
"2026-07-26T00:02:55.5415525Z","444434","2332","50","2332","16","50","0","True","app-00612.png"
"2026-07-26T00:02:56.2714006Z","445164","2336","50","2336","16","50","0","True","app-00613.png"
"2026-07-26T00:02:56.9990691Z","445891","2339","50","2339","16","50","0","True","app-00614.png"
"2026-07-26T00:02:57.7346282Z","446627","2343","50","2343","16","50","0","True","app-00615.png"
"2026-07-26T00:02:58.4641335Z","447356","2347","50","2347","16","50","0","True","app-00616.png"
"2026-07-26T00:02:59.2017589Z","448094","2351","50","2351","16","50","0","True","app-00617.png"
"2026-07-26T00:02:59.9282241Z","448820","2354","50","2354","16","50","0","True","app-00618.png"
"2026-07-26T00:03:00.6668006Z","449559","2356","50","2356","15","50","0","True","app-00619.png"
"2026-07-26T00:03:01.3982736Z","450290","2361","50","2361","16","50","0","True","app-00620.png"
"2026-07-26T00:03:02.1306699Z","451023","2364","50","2364","15","50","0","True","app-00621.png"
"2026-07-26T00:03:02.8652400Z","451757","2368","50","2368","16","50","0","True","app-00622.png"
"2026-07-26T00:03:03.6044303Z","452496","2371","50","2371","15","50","0","True","app-00623.png"
"2026-07-26T00:03:04.3439519Z","453236","2375","50","2375","16","50","0","True","app-00624.png"
"2026-07-26T00:03:05.1726516Z","454065","2378","50","2378","15","50","0","True","app-00625.png"
"2026-07-26T00:03:05.9029893Z","454795","2381","50","2381","15","50","0","True","app-00626.png"
"2026-07-26T00:03:06.6329210Z","455525","2384","50","2384","16","50","0","True","app-00627.png"
"2026-07-26T00:03:07.3597823Z","456252","2388","50","2388","15","50","0","True","app-00628.png"
"2026-07-26T00:03:08.0885895Z","456981","2391","50","2391","16","50","0","True","app-00629.png"
"2026-07-26T00:03:08.8189447Z","457711","2395","50","2395","16","50","0","True","app-00630.png"
"2026-07-26T00:03:09.5455124Z","458438","2398","50","2398","16","50","0","True","app-00631.png"
"2026-07-26T00:03:10.2777957Z","459170","2401","50","2401","15","50","0","True","app-00632.png"
"2026-07-26T00:03:11.0162306Z","459908","2405","50","2405","15","50","0","True","app-00633.png"
"2026-07-26T00:03:11.7466456Z","460639","2409","50","2409","16","50","0","True","app-00634.png"
"2026-07-26T00:03:12.4747883Z","461367","2414","50","2414","16","50","0","True","app-00635.png"
"2026-07-26T00:03:13.7520128Z","462644","2417","50","2417","16","50","0","True","app-00636.png"
"2026-07-26T00:03:14.4907674Z","463383","2420","50","2420","15","50","0","True","app-00637.png"
"2026-07-26T00:03:15.2161933Z","464108","2424","50","2424","16","50","0","True","app-00638.png"
"2026-07-26T00:03:15.9485240Z","464840","2426","50","2426","15","50","0","True","app-00639.png"
"2026-07-26T00:03:16.6723161Z","465564","2429","50","2429","16","50","0","True","app-00640.png"
"2026-07-26T00:03:17.4040052Z","466296","2431","50","2431","15","50","0","True","app-00641.png"
"2026-07-26T00:03:18.1379754Z","467030","2435","50","2435","15","50","0","True","app-00642.png"
"2026-07-26T00:03:18.8648282Z","467757","2439","50","2439","15","50","0","True","app-00643.png"
"2026-07-26T00:03:19.6000561Z","468492","2443","50","2443","15","50","0","True","app-00644.png"
"2026-07-26T00:03:20.3366897Z","469229","2447","50","2447","15","50","0","True","app-00645.png"
"2026-07-26T00:03:21.0643174Z","469956","2449","50","2449","15","50","0","True","app-00646.png"
"2026-07-26T00:03:21.7965407Z","470688","2453","50","2453","15","50","0","True","app-00647.png"
"2026-07-26T00:03:22.6102890Z","471502","2457","50","2457","15","50","0","True","app-00648.png"
"2026-07-26T00:03:23.5701959Z","472462","2461","50","2461","16","50","0","True","app-00649.png"
"2026-07-26T00:03:24.3534248Z","473245","2464","50","2464","15","50","0","True","app-00650.png"
"2026-07-26T00:03:25.0818835Z","473974","2466","50","2466","16","50","0","True","app-00651.png"
"2026-07-26T00:03:25.8129309Z","474705","2469","50","2469","16","50","0","True","app-00652.png"
"2026-07-26T00:03:26.5466795Z","475439","2472","50","2472","16","50","0","True","app-00653.png"
"2026-07-26T00:03:27.2911735Z","476183","2475","50","2475","16","50","0","True","app-00654.png"
"2026-07-26T00:03:28.0263569Z","476918","2478","50","2478","15","50","0","True","app-00655.png"
"2026-07-26T00:03:28.7561767Z","477648","2482","50","2482","16","50","0","True","app-00656.png"
"2026-07-26T00:03:29.4848448Z","478377","2485","50","2485","16","50","0","True","app-00657.png"
"2026-07-26T00:03:30.2134411Z","479105","2489","50","2489","16","50","0","True","app-00658.png"
"2026-07-26T00:03:30.9435815Z","479835","2492","50","2492","15","50","0","True","app-00659.png"
"2026-07-26T00:03:31.6775602Z","480569","2496","50","2496","15","50","0","True","app-00660.png"
"2026-07-26T00:03:32.4067580Z","481299","2500","50","2500","15","50","0","True","app-00661.png"
"2026-07-26T00:03:33.1384726Z","482030","2504","50","2504","16","50","0","True","app-00662.png"
"2026-07-26T00:03:33.9624502Z","482854","2504","50","2504","15","50","0","True","app-00663.png"
"2026-07-26T00:03:34.6841274Z","483576","2504","50","2504","15","50","0","True","app-00664.png"
"2026-07-26T00:03:35.4135469Z","484305","2504","50","2504","15","50","0","True","app-00665.png"
"2026-07-26T00:03:36.1456774Z","485038","2504","50","2504","15","50","0","True","app-00666.png"
"2026-07-26T00:03:37.7467951Z","486639","2504","50","2504","15","50","0","True","app-00667.png"
"2026-07-26T00:03:38.5159952Z","487408","2504","50","2504","15","50","0","True","app-00668.png"
"2026-07-26T00:03:39.3392614Z","488231","2504","50","2504","15","50","0","True","app-00669.png"
"2026-07-26T00:03:40.6091318Z","489501","2504","50","2504","15","50","0","True","app-00670.png"
"2026-07-26T00:03:41.3571164Z","490249","2504","50","2504","15","50","0","True","app-00671.png"
"2026-07-26T00:03:42.0849520Z","490977","2504","50","2504","15","50","0","True","app-00672.png"
"2026-07-26T00:03:42.9079561Z","491800","2504","50","2504","15","50","0","True","app-00673.png"
"2026-07-26T00:03:43.6395963Z","492531","2504","50","2504","15","50","0","True","app-00674.png"
"2026-07-26T00:03:44.3602266Z","493252","2504","50","2504","15","50","0","True","app-00675.png"
"2026-07-26T00:03:45.3292868Z","494221","2504","50","2504","14","50","0","True","app-00676.png"
"2026-07-26T00:03:46.0891499Z","494981","2504","50","2504","13","50","0","True","app-00677.png"
"2026-07-26T00:03:46.8203949Z","495712","2504","50","2504","13","50","0","True","app-00678.png"
"2026-07-26T00:03:47.5481297Z","496440","2504","50","2504","12","50","0","True","app-00679.png"
"2026-07-26T00:03:48.2823536Z","497174","2504","50","2504","12","50","0","True","app-00680.png"
"2026-07-26T00:03:49.0085093Z","497900","2504","50","2504","3","50","0","True","app-00681.png"
"2026-07-26T00:03:49.7264703Z","498618","2504","50","2504","0","50","0","True","app-00682.png"
